{"nose": [ 0.01098861, -0.46727091, -0.47671852],
"left_eye_inner": [ 0.00784548, -0.51147735, -0.47244343],
"left_eye": [ 0.00822901, -0.51187348, -0.47179398],
"left_eye_outer": [ 0.00830585, -0.51244938, -0.47139904],
"right_eye_inner": [-0.02182728, -0.50093997, -0.47532138],
"right_eye": [-0.0212541 , -0.50211775, -0.47593215],
"right_eye_outer": [-0.02156047, -0.5035457 , -0.47485709],
"left_ear": [ 0.04388022, -0.54305565, -0.36256838],
"right_ear": [-0.08932589, -0.50852799, -0.38161436],
"mouth_left": [ 0.03468806, -0.46153459, -0.43044898],
"mouth_right": [-0.00467895, -0.4497861 , -0.43514144],
"left_shoulder": [ 0.15158066, -0.42739508, -0.22546616],
"right_shoulder": [-0.13781504, -0.37770915, -0.28860191],
"left_elbow": [ 0.10844307, -0.1891769 , -0.20206805],
"right_elbow": [-0.10165978, -0.10582394, -0.25277737],
"left_wrist": [ 0.08956427,  0.00708931, -0.30932632],
"right_wrist": [ 0.02037592,  0.06414582, -0.31160468],
"left_pinky": [ 0.08822803,  0.08396412, -0.333285],
"right_pinky": [ 0.05641051,  0.13396606, -0.33796129],
"left_index": [ 0.07369856,  0.0795892 , -0.36546791],
"right_index": [ 0.07185799,  0.11007731, -0.3580468],
"left_thumb": [ 0.07916563,  0.01963511, -0.3229619],
"right_thumb": [ 0.04052692,  0.06891315, -0.31911147],
"left_hip": [ 0.11081901, -0.00309695,  0.0122507],
"right_hip": [-0.11116938,  0.00220228, -0.01041273],
"left_knee": [ 0.18942022,  0.39366603, -0.04709067],
"right_knee": [-0.18964556,  0.38062268, -0.03351273],
"left_ankle": [0.29211509, 0.7546311 , 0.01408591],
"right_ankle": [-0.24998495,  0.75026059,  0.04305609],
"left_heel": [0.3082177 , 0.79864675, 0.01192347],
"right_heel": [-0.25708145,  0.7975229 ,  0.04396356],
"left_foot_index": [ 0.37407851,  0.83633792, -0.1101561],
"right_foot_index": [-0.30833831,  0.85423499, -0.0752575]}