{"nose": [ 0.01301053, -0.54059076, -0.34809411],
"left_eye_inner": [ 0.03237011, -0.57519394, -0.34897092],
"left_eye": [ 0.03265361, -0.57568222, -0.34816194],
"left_eye_outer": [ 0.03254453, -0.57591504, -0.34787124],
"right_eye_inner": [ 0.005954  , -0.58019036, -0.33677268],
"right_eye": [ 0.00641159, -0.58104521, -0.33744174],
"right_eye_outer": [ 0.00599392, -0.58250517, -0.33621281],
"left_ear": [ 0.10192551, -0.56795514, -0.26899725],
"right_ear": [-0.02198883, -0.5982216 , -0.2286018],
"mouth_left": [ 0.03977155, -0.51973116, -0.31314403],
"mouth_right": [ 0.00237101, -0.52663159, -0.30116406],
"left_shoulder": [ 0.0775245 , -0.42881575, -0.26533675],
"right_shoulder": [-0.07127123, -0.50639021, -0.07551554],
"left_elbow": [-0.24687888, -0.36364856, -0.32893795],
"right_elbow": [-0.25182489, -0.47373366,  0.01655619],
"left_wrist": [-0.45147026, -0.39776328, -0.37313959],
"right_wrist": [-0.44428629, -0.45978618, -0.02558462],
"left_pinky": [-0.49357098, -0.37505299, -0.40937358],
"right_pinky": [-0.47957852, -0.44258159, -0.02662382],
"left_index": [-0.49090451, -0.40884238, -0.41256365],
"right_index": [-0.49198499, -0.4500871 , -0.0681496],
"left_thumb": [-0.46193862, -0.40662259, -0.3742308],
"right_thumb": [-0.45253351, -0.45447132, -0.04296327],
"left_hip": [ 0.09505523,  0.00235773, -0.01878021],
"right_hip": [-0.09496657, -0.00310175,  0.01982784],
"left_knee": [ 0.20722094,  0.39515236, -0.05772531],
"right_knee": [-0.17106748,  0.38380492,  0.00691859],
"left_ankle": [0.34060591, 0.74973822, 0.01771187],
"right_ankle": [-0.22800218,  0.75111455,  0.10734943],
"left_heel": [0.36232013, 0.79451311, 0.0149353],
"right_heel": [-0.23404247,  0.79872465,  0.11027465],
"left_foot_index": [ 0.42865866,  0.83955431, -0.09737503],
"right_foot_index": [-2.82851279e-01,  8.64393532e-01,  7.78028276e-04]}