{"nose": [-0.18120615, -0.42284527, -0.3212373],
"left_eye_inner": [-0.20158245, -0.45186722, -0.32337365],
"left_eye": [-0.20143639, -0.45224184, -0.32301012],
"left_eye_outer": [-0.20182854, -0.45262006, -0.3226029],
"right_eye_inner": [-0.22160229, -0.43323869, -0.32100832],
"right_eye": [-0.22137338, -0.43432817, -0.32180583],
"right_eye_outer": [-0.22221243, -0.43553621, -0.32071933],
"left_ear": [-0.16836455, -0.50872588, -0.25056472],
"right_ear": [-0.26597714, -0.4394486 , -0.25136214],
"mouth_left": [-0.15005764, -0.43802008, -0.28717858],
"mouth_right": [-0.17879498, -0.4163059 , -0.28634879],
"left_shoulder": [ 0.00237183, -0.49230292, -0.14699444],
"right_shoulder": [-0.22734752, -0.3584305 , -0.20037796],
"left_elbow": [ 0.11783615, -0.3058925 , -0.10438602],
"right_elbow": [-0.02843332, -0.20251946, -0.1835804],
"left_wrist": [ 0.23383386, -0.12885755, -0.15331951],
"right_wrist": [ 0.15480599, -0.13014694, -0.23703107],
"left_pinky": [ 0.26422307, -0.08245346, -0.15727198],
"right_pinky": [ 0.20562392, -0.10025061, -0.26861396],
"left_index": [ 0.25842392, -0.06651407, -0.19389357],
"right_index": [ 0.19815767, -0.12423826, -0.28107995],
"left_thumb": [ 0.23780927, -0.11032432, -0.16598901],
"right_thumb": [ 0.16925915, -0.13338594, -0.24317245],
"left_hip": [ 0.10153688, -0.00931327,  0.00524546],
"right_hip": [-0.10264024,  0.00869048, -0.00396623],
"left_knee": [ 0.13777944,  0.37236941, -0.03178165],
"right_knee": [-0.23677003,  0.36626828, -0.02272591],
"left_ankle": [0.16442855, 0.73666376, 0.1061669],
"right_ankle": [-0.40072307,  0.70377809,  0.06767801],
"left_heel": [0.17013577, 0.77964908, 0.11266588],
"right_heel": [-0.41938487,  0.74545336,  0.07157278],
"left_foot_index": [0.2043339 , 0.83738548, 0.01158716],
"right_foot_index": [-0.48394385,  0.78773117, -0.04345418]}