{"nose": [-0.17745674, -0.40160638, -0.29903433],
"left_eye_inner": [-0.19300459, -0.43698141, -0.30382618],
"left_eye": [-0.19276877, -0.43730158, -0.30348879],
"left_eye_outer": [-0.19306131, -0.43777716, -0.30305624],
"right_eye_inner": [-0.21709414, -0.41834253, -0.29551598],
"right_eye": [-0.21686628, -0.41948763, -0.29620042],
"right_eye_outer": [-0.21773645, -0.42056772, -0.29540879],
"left_ear": [-0.15119191, -0.51842958, -0.23686527],
"right_ear": [-0.26409787, -0.44962907, -0.20578593],
"mouth_left": [-0.1437764 , -0.42666671, -0.26715657],
"mouth_right": [-0.17738806, -0.40481907, -0.25722837],
"left_shoulder": [ 0.02461896, -0.49854952, -0.14428446],
"right_shoulder": [-0.26466817, -0.37589151, -0.14119726],
"left_elbow": [ 0.07062253, -0.26785046, -0.14835413],
"right_elbow": [-0.16680008, -0.12021824, -0.11102211],
"left_wrist": [ 0.09211123, -0.0684419 , -0.27765676],
"right_wrist": [-8.23035953e-04,  6.78710733e-03, -1.61206737e-01],
"left_pinky": [ 0.11053056, -0.00081968, -0.30811411],
"right_pinky": [ 0.0542066 ,  0.06520707, -0.1797429],
"left_index": [ 0.09089715,  0.00921042, -0.33623442],
"right_index": [ 0.05639903,  0.03491343, -0.19743197],
"left_thumb": [ 0.08562323, -0.04800235, -0.29309493],
"right_thumb": [ 0.01827287,  0.00487514, -0.16695316],
"left_hip": [ 0.11000106, -0.00794004, -0.0065839],
"right_hip": [-0.11092346,  0.00716814,  0.00797238],
"left_knee": [ 0.14530064,  0.39107087, -0.02309742],
"right_knee": [-0.207241  ,  0.36802161, -0.00100769],
"left_ankle": [0.18432131, 0.73194158, 0.11259294],
"right_ankle": [-0.37944928,  0.70104325,  0.09903871],
"left_heel": [0.19277069, 0.77291507, 0.11889441],
"right_heel": [-0.39749685,  0.74154645,  0.10531463],
"left_foot_index": [0.2263404 , 0.83161801, 0.01875221],
"right_foot_index": [-0.44374263,  0.78248668, -0.00441491]}