{"nose": [-0.09933872, -0.59667307, -0.04594709],
 "left_eye_inner": [-0.10120229, -0.62667561, -0.07732195],
 "left_eye": [-0.10100981, -0.62694657, -0.07650185],
 "left_eye_outer": [-0.10131709, -0.62708944, -0.07650172],
 "right_eye_inner": [-0.09533124, -0.62970603, -0.05770441],
 "right_eye": [-0.09494568, -0.63068146, -0.05838227],
 "right_eye_outer": [-0.0956746 , -0.63195139, -0.05767884],
 "left_ear": [-0.06472462, -0.61689281, -0.13806158],
 "right_ear": [-0.04589988, -0.63530624, -0.06413187],
 "mouth_left": [-0.07685151, -0.57487351, -0.06134354],
 "mouth_right": [-0.07457141, -0.57975495, -0.04137925],
 "left_shoulder": [-0.04038856, -0.50093228, -0.16516949],
 "right_shoulder": [ 0.00348417, -0.54783821, -0.00929831],
 "left_elbow": [-0.25440195, -0.61301714, -0.13592604],
 "right_elbow": [-0.11032616, -0.66975355,  0.14253375],
 "left_wrist": [-0.24506234, -0.7633847 , -0.00862928],
 "right_wrist": [-0.24764776, -0.79964614,  0.27418694],
 "left_pinky": [-0.22801574, -0.75936645, -0.00799461],
 "right_pinky": [-0.26691732, -0.79356432,  0.28660068],
 "left_index": [-0.20566793, -0.74260056, -0.02530064],
 "right_index": [-0.25529349, -0.78574759,  0.27590677],
 "left_thumb": [-0.23017979, -0.75514185, -0.01225929],
 "right_thumb": [-0.24817353, -0.79686487,  0.2721045],
 "left_hip": [ 0.06065923,  0.0097698 , -0.03442407],
 "right_hip": [-0.06103481, -0.01038167,  0.03559786],
 "left_knee": [ 0.14307426,  0.41073644, -0.0307435],
 "right_knee": [-0.19024523,  0.36730534,  0.05020721],
 "left_ankle": [0.31320354, 0.7479592 , 0.01155845],
 "right_ankle": [-0.24274671,  0.73501873,  0.10730804],
 "left_heel": [0.33538076, 0.7891832 , 0.01234624],
 "right_heel": [-0.24867833,  0.78137028,  0.10550591],
 "left_foot_index": [ 0.36699405,  0.83760548, -0.04722901],
 "right_foot_index": [-0.28081924,  0.8363747 ,  0.02730111]}